life_stage,age_min,age_max,factor_code,factor_name,item_code,item_name,unit,direction,home_capable,equipment_required,space_required,percentile_eligible,priority,note
PRESCHOOL,48,53,MUSCULAR_ENDURANCE,근지구력,CURL_UP,윗몸말아올리기,회,HIGHER_BETTER,EXACT,없음,일반 실내 공간,TRUE,CORE,동일 성별·연령구간 자체 상대수준
PRESCHOOL,54,59,MUSCULAR_ENDURANCE,근지구력,CURL_UP,윗몸말아올리기,회,HIGHER_BETTER,EXACT,없음,일반 실내 공간,TRUE,CORE,동일 성별·연령구간 자체 상대수준
PRESCHOOL,60,65,MUSCULAR_ENDURANCE,근지구력,CURL_UP,윗몸말아올리기,회,HIGHER_BETTER,EXACT,없음,일반 실내 공간,TRUE,CORE,동일 성별·연령구간 자체 상대수준
PRESCHOOL,66,71,MUSCULAR_ENDURANCE,근지구력,CURL_UP,윗몸말아올리기,회,HIGHER_BETTER,EXACT,없음,일반 실내 공간,TRUE,CORE,동일 성별·연령구간 자체 상대수준
PRESCHOOL,72,83,MUSCULAR_ENDURANCE,근지구력,CURL_UP,윗몸말아올리기,회,HIGHER_BETTER,EXACT,없음,일반 실내 공간,TRUE,CORE,동일 성별·연령구간 자체 상대수준
PRESCHOOL,48,53,FLEXIBILITY,유연성,SIT_AND_REACH,앉아윗몸앞으로굽히기,cm,HIGHER_BETTER,EXACT,없음,일반 실내 공간,TRUE,CORE,동일 성별·연령구간 자체 상대수준
PRESCHOOL,54,59,FLEXIBILITY,유연성,SIT_AND_REACH,앉아윗몸앞으로굽히기,cm,HIGHER_BETTER,EXACT,없음,일반 실내 공간,TRUE,CORE,동일 성별·연령구간 자체 상대수준
PRESCHOOL,60,65,FLEXIBILITY,유연성,SIT_AND_REACH,앉아윗몸앞으로굽히기,cm,HIGHER_BETTER,EXACT,없음,일반 실내 공간,TRUE,CORE,동일 성별·연령구간 자체 상대수준
PRESCHOOL,66,71,FLEXIBILITY,유연성,SIT_AND_REACH,앉아윗몸앞으로굽히기,cm,HIGHER_BETTER,EXACT,없음,일반 실내 공간,TRUE,CORE,동일 성별·연령구간 자체 상대수준
PRESCHOOL,72,83,FLEXIBILITY,유연성,SIT_AND_REACH,앉아윗몸앞으로굽히기,cm,HIGHER_BETTER,EXACT,없음,일반 실내 공간,TRUE,CORE,동일 성별·연령구간 자체 상대수준
PRESCHOOL,48,53,POWER,순발력,STANDING_LONG_JUMP,제자리멀리뛰기,cm,HIGHER_BETTER,EXACT,줄자,안전한 착지 공간,TRUE,CORE,동일 성별·연령구간 자체 상대수준
PRESCHOOL,54,59,POWER,순발력,STANDING_LONG_JUMP,제자리멀리뛰기,cm,HIGHER_BETTER,EXACT,줄자,안전한 착지 공간,TRUE,CORE,동일 성별·연령구간 자체 상대수준
PRESCHOOL,60,65,POWER,순발력,STANDING_LONG_JUMP,제자리멀리뛰기,cm,HIGHER_BETTER,EXACT,줄자,안전한 착지 공간,TRUE,CORE,동일 성별·연령구간 자체 상대수준
PRESCHOOL,66,71,POWER,순발력,STANDING_LONG_JUMP,제자리멀리뛰기,cm,HIGHER_BETTER,EXACT,줄자,안전한 착지 공간,TRUE,CORE,동일 성별·연령구간 자체 상대수준
PRESCHOOL,72,83,POWER,순발력,STANDING_LONG_JUMP,제자리멀리뛰기,cm,HIGHER_BETTER,EXACT,줄자,안전한 착지 공간,TRUE,CORE,동일 성별·연령구간 자체 상대수준
PRESCHOOL,48,53,STRENGTH,근력,RELATIVE_GRIP,상대악력,%,HIGHER_BETTER,CONDITIONAL,악력계,서서 측정 공간,TRUE,OPTIONAL,동일 성별·연령구간 자체 상대수준
PRESCHOOL,54,59,STRENGTH,근력,RELATIVE_GRIP,상대악력,%,HIGHER_BETTER,CONDITIONAL,악력계,서서 측정 공간,TRUE,OPTIONAL,동일 성별·연령구간 자체 상대수준
PRESCHOOL,60,65,STRENGTH,근력,RELATIVE_GRIP,상대악력,%,HIGHER_BETTER,CONDITIONAL,악력계,서서 측정 공간,TRUE,OPTIONAL,동일 성별·연령구간 자체 상대수준
PRESCHOOL,66,71,STRENGTH,근력,RELATIVE_GRIP,상대악력,%,HIGHER_BETTER,CONDITIONAL,악력계,서서 측정 공간,TRUE,OPTIONAL,동일 성별·연령구간 자체 상대수준
PRESCHOOL,72,83,STRENGTH,근력,RELATIVE_GRIP,상대악력,%,HIGHER_BETTER,CONDITIONAL,악력계,서서 측정 공간,TRUE,OPTIONAL,동일 성별·연령구간 자체 상대수준
PRESCHOOL,48,53,CARDIO,심폐지구력,SHUTTLE_RUN_10M,10m 왕복오래달리기,회,HIGHER_BETTER,CONDITIONAL,표식·초시계,10m 직선 공간,TRUE,OPTIONAL,동일 성별·연령구간 자체 상대수준
PRESCHOOL,54,59,CARDIO,심폐지구력,SHUTTLE_RUN_10M,10m 왕복오래달리기,회,HIGHER_BETTER,CONDITIONAL,표식·초시계,10m 직선 공간,TRUE,OPTIONAL,동일 성별·연령구간 자체 상대수준
PRESCHOOL,60,65,CARDIO,심폐지구력,SHUTTLE_RUN_10M,10m 왕복오래달리기,회,HIGHER_BETTER,CONDITIONAL,표식·초시계,10m 직선 공간,TRUE,OPTIONAL,동일 성별·연령구간 자체 상대수준
PRESCHOOL,66,71,CARDIO,심폐지구력,SHUTTLE_RUN_10M,10m 왕복오래달리기,회,HIGHER_BETTER,CONDITIONAL,표식·초시계,10m 직선 공간,TRUE,OPTIONAL,동일 성별·연령구간 자체 상대수준
PRESCHOOL,72,83,CARDIO,심폐지구력,SHUTTLE_RUN_10M,10m 왕복오래달리기,회,HIGHER_BETTER,CONDITIONAL,표식·초시계,10m 직선 공간,TRUE,OPTIONAL,동일 성별·연령구간 자체 상대수준
PRESCHOOL,48,53,AGILITY,민첩성,SHUTTLE_RUN_5M_X4,5m×4 왕복달리기,초,LOWER_BETTER,CONDITIONAL,표식·초시계,5m 직선 공간,TRUE,OPTIONAL,동일 성별·연령구간 자체 상대수준
PRESCHOOL,54,59,AGILITY,민첩성,SHUTTLE_RUN_5M_X4,5m×4 왕복달리기,초,LOWER_BETTER,CONDITIONAL,표식·초시계,5m 직선 공간,TRUE,OPTIONAL,동일 성별·연령구간 자체 상대수준
PRESCHOOL,60,65,AGILITY,민첩성,SHUTTLE_RUN_5M_X4,5m×4 왕복달리기,초,LOWER_BETTER,CONDITIONAL,표식·초시계,5m 직선 공간,TRUE,OPTIONAL,동일 성별·연령구간 자체 상대수준
PRESCHOOL,66,71,AGILITY,민첩성,SHUTTLE_RUN_5M_X4,5m×4 왕복달리기,초,LOWER_BETTER,CONDITIONAL,표식·초시계,5m 직선 공간,TRUE,OPTIONAL,동일 성별·연령구간 자체 상대수준
PRESCHOOL,72,83,AGILITY,민첩성,SHUTTLE_RUN_5M_X4,5m×4 왕복달리기,초,LOWER_BETTER,CONDITIONAL,표식·초시계,5m 직선 공간,TRUE,OPTIONAL,동일 성별·연령구간 자체 상대수준
CHILD,11,11,MUSCULAR_ENDURANCE,근지구력,CURL_UP,윗몸말아올리기,회,HIGHER_BETTER,EXACT,없음,일반 실내 공간,TRUE,CORE,동일 성별·연령구간 자체 상대수준
CHILD,12,12,MUSCULAR_ENDURANCE,근지구력,CURL_UP,윗몸말아올리기,회,HIGHER_BETTER,EXACT,없음,일반 실내 공간,TRUE,CORE,동일 성별·연령구간 자체 상대수준
CHILD,11,11,FLEXIBILITY,유연성,SIT_AND_REACH,앉아윗몸앞으로굽히기,cm,HIGHER_BETTER,EXACT,없음,일반 실내 공간,TRUE,CORE,동일 성별·연령구간 자체 상대수준
CHILD,12,12,FLEXIBILITY,유연성,SIT_AND_REACH,앉아윗몸앞으로굽히기,cm,HIGHER_BETTER,EXACT,없음,일반 실내 공간,TRUE,CORE,동일 성별·연령구간 자체 상대수준
CHILD,11,11,AGILITY,민첩성,SIDE_STEP,반복옆뛰기,회,HIGHER_BETTER,EXACT,없음,일반 실내 공간,TRUE,CORE,동일 성별·연령구간 자체 상대수준
CHILD,12,12,AGILITY,민첩성,SIDE_STEP,반복옆뛰기,회,HIGHER_BETTER,EXACT,없음,일반 실내 공간,TRUE,CORE,동일 성별·연령구간 자체 상대수준
CHILD,11,11,POWER,순발력,STANDING_LONG_JUMP,제자리멀리뛰기,cm,HIGHER_BETTER,EXACT,줄자,안전한 착지 공간,TRUE,CORE,동일 성별·연령구간 자체 상대수준
CHILD,12,12,POWER,순발력,STANDING_LONG_JUMP,제자리멀리뛰기,cm,HIGHER_BETTER,EXACT,줄자,안전한 착지 공간,TRUE,CORE,동일 성별·연령구간 자체 상대수준
CHILD,11,11,STRENGTH,근력,RELATIVE_GRIP,상대악력,%,HIGHER_BETTER,CONDITIONAL,악력계,서서 측정 공간,TRUE,OPTIONAL,동일 성별·연령구간 자체 상대수준
CHILD,12,12,STRENGTH,근력,RELATIVE_GRIP,상대악력,%,HIGHER_BETTER,CONDITIONAL,악력계,서서 측정 공간,TRUE,OPTIONAL,동일 성별·연령구간 자체 상대수준
CHILD,11,11,CARDIO,심폐지구력,SHUTTLE_RUN_15M,15m 왕복오래달리기,회,HIGHER_BETTER,CONDITIONAL,표식·음원,15m 직선 공간,TRUE,OPTIONAL,동일 성별·연령구간 자체 상대수준
CHILD,12,12,CARDIO,심폐지구력,SHUTTLE_RUN_15M,15m 왕복오래달리기,회,HIGHER_BETTER,CONDITIONAL,표식·음원,15m 직선 공간,TRUE,OPTIONAL,동일 성별·연령구간 자체 상대수준
TEEN,13,13,MUSCULAR_ENDURANCE,근지구력,CURL_UP,윗몸말아올리기,회,HIGHER_BETTER,EXACT,없음,일반 실내 공간,TRUE,CORE,동일 성별·연령구간 자체 상대수준
TEEN,14,14,MUSCULAR_ENDURANCE,근지구력,CURL_UP,윗몸말아올리기,회,HIGHER_BETTER,EXACT,없음,일반 실내 공간,TRUE,CORE,동일 성별·연령구간 자체 상대수준
TEEN,15,15,MUSCULAR_ENDURANCE,근지구력,CURL_UP,윗몸말아올리기,회,HIGHER_BETTER,EXACT,없음,일반 실내 공간,TRUE,CORE,동일 성별·연령구간 자체 상대수준
TEEN,16,16,MUSCULAR_ENDURANCE,근지구력,CURL_UP,윗몸말아올리기,회,HIGHER_BETTER,EXACT,없음,일반 실내 공간,TRUE,CORE,동일 성별·연령구간 자체 상대수준
TEEN,17,17,MUSCULAR_ENDURANCE,근지구력,CURL_UP,윗몸말아올리기,회,HIGHER_BETTER,EXACT,없음,일반 실내 공간,TRUE,CORE,동일 성별·연령구간 자체 상대수준
TEEN,18,18,MUSCULAR_ENDURANCE,근지구력,CURL_UP,윗몸말아올리기,회,HIGHER_BETTER,EXACT,없음,일반 실내 공간,TRUE,CORE,동일 성별·연령구간 자체 상대수준
TEEN,13,13,FLEXIBILITY,유연성,SIT_AND_REACH,앉아윗몸앞으로굽히기,cm,HIGHER_BETTER,EXACT,없음,일반 실내 공간,TRUE,CORE,동일 성별·연령구간 자체 상대수준
TEEN,14,14,FLEXIBILITY,유연성,SIT_AND_REACH,앉아윗몸앞으로굽히기,cm,HIGHER_BETTER,EXACT,없음,일반 실내 공간,TRUE,CORE,동일 성별·연령구간 자체 상대수준
TEEN,15,15,FLEXIBILITY,유연성,SIT_AND_REACH,앉아윗몸앞으로굽히기,cm,HIGHER_BETTER,EXACT,없음,일반 실내 공간,TRUE,CORE,동일 성별·연령구간 자체 상대수준
TEEN,16,16,FLEXIBILITY,유연성,SIT_AND_REACH,앉아윗몸앞으로굽히기,cm,HIGHER_BETTER,EXACT,없음,일반 실내 공간,TRUE,CORE,동일 성별·연령구간 자체 상대수준
TEEN,17,17,FLEXIBILITY,유연성,SIT_AND_REACH,앉아윗몸앞으로굽히기,cm,HIGHER_BETTER,EXACT,없음,일반 실내 공간,TRUE,CORE,동일 성별·연령구간 자체 상대수준
TEEN,18,18,FLEXIBILITY,유연성,SIT_AND_REACH,앉아윗몸앞으로굽히기,cm,HIGHER_BETTER,EXACT,없음,일반 실내 공간,TRUE,CORE,동일 성별·연령구간 자체 상대수준
TEEN,13,13,STRENGTH,근력,RELATIVE_GRIP,상대악력,%,HIGHER_BETTER,CONDITIONAL,악력계,서서 측정 공간,TRUE,OPTIONAL,동일 성별·연령구간 자체 상대수준
TEEN,14,14,STRENGTH,근력,RELATIVE_GRIP,상대악력,%,HIGHER_BETTER,CONDITIONAL,악력계,서서 측정 공간,TRUE,OPTIONAL,동일 성별·연령구간 자체 상대수준
TEEN,15,15,STRENGTH,근력,RELATIVE_GRIP,상대악력,%,HIGHER_BETTER,CONDITIONAL,악력계,서서 측정 공간,TRUE,OPTIONAL,동일 성별·연령구간 자체 상대수준
TEEN,16,16,STRENGTH,근력,RELATIVE_GRIP,상대악력,%,HIGHER_BETTER,CONDITIONAL,악력계,서서 측정 공간,TRUE,OPTIONAL,동일 성별·연령구간 자체 상대수준
TEEN,17,17,STRENGTH,근력,RELATIVE_GRIP,상대악력,%,HIGHER_BETTER,CONDITIONAL,악력계,서서 측정 공간,TRUE,OPTIONAL,동일 성별·연령구간 자체 상대수준
TEEN,18,18,STRENGTH,근력,RELATIVE_GRIP,상대악력,%,HIGHER_BETTER,CONDITIONAL,악력계,서서 측정 공간,TRUE,OPTIONAL,동일 성별·연령구간 자체 상대수준
TEEN,13,13,CARDIO,심폐지구력,SHUTTLE_RUN_20M,20m 왕복오래달리기,회,HIGHER_BETTER,CONDITIONAL,표식·음원,20m 직선 공간,TRUE,OPTIONAL,동일 성별·연령구간 자체 상대수준
TEEN,14,14,CARDIO,심폐지구력,SHUTTLE_RUN_20M,20m 왕복오래달리기,회,HIGHER_BETTER,CONDITIONAL,표식·음원,20m 직선 공간,TRUE,OPTIONAL,동일 성별·연령구간 자체 상대수준
TEEN,15,15,CARDIO,심폐지구력,SHUTTLE_RUN_20M,20m 왕복오래달리기,회,HIGHER_BETTER,CONDITIONAL,표식·음원,20m 직선 공간,TRUE,OPTIONAL,동일 성별·연령구간 자체 상대수준
TEEN,16,16,CARDIO,심폐지구력,SHUTTLE_RUN_20M,20m 왕복오래달리기,회,HIGHER_BETTER,CONDITIONAL,표식·음원,20m 직선 공간,TRUE,OPTIONAL,동일 성별·연령구간 자체 상대수준
TEEN,17,17,CARDIO,심폐지구력,SHUTTLE_RUN_20M,20m 왕복오래달리기,회,HIGHER_BETTER,CONDITIONAL,표식·음원,20m 직선 공간,TRUE,OPTIONAL,동일 성별·연령구간 자체 상대수준
TEEN,18,18,CARDIO,심폐지구력,SHUTTLE_RUN_20M,20m 왕복오래달리기,회,HIGHER_BETTER,CONDITIONAL,표식·음원,20m 직선 공간,TRUE,OPTIONAL,동일 성별·연령구간 자체 상대수준
ADULT,19,24,MUSCULAR_ENDURANCE,근지구력,CROSS_SIT_UP,교차윗몸일으키기,회,HIGHER_BETTER,EXACT,없음,일반 실내 공간,TRUE,CORE,동일 성별·연령구간 자체 상대수준
ADULT,25,29,MUSCULAR_ENDURANCE,근지구력,CROSS_SIT_UP,교차윗몸일으키기,회,HIGHER_BETTER,EXACT,없음,일반 실내 공간,TRUE,CORE,동일 성별·연령구간 자체 상대수준
ADULT,30,34,MUSCULAR_ENDURANCE,근지구력,CROSS_SIT_UP,교차윗몸일으키기,회,HIGHER_BETTER,EXACT,없음,일반 실내 공간,TRUE,CORE,동일 성별·연령구간 자체 상대수준
ADULT,35,39,MUSCULAR_ENDURANCE,근지구력,CROSS_SIT_UP,교차윗몸일으키기,회,HIGHER_BETTER,EXACT,없음,일반 실내 공간,TRUE,CORE,동일 성별·연령구간 자체 상대수준
ADULT,40,44,MUSCULAR_ENDURANCE,근지구력,CROSS_SIT_UP,교차윗몸일으키기,회,HIGHER_BETTER,EXACT,없음,일반 실내 공간,TRUE,CORE,동일 성별·연령구간 자체 상대수준
ADULT,45,49,MUSCULAR_ENDURANCE,근지구력,CROSS_SIT_UP,교차윗몸일으키기,회,HIGHER_BETTER,EXACT,없음,일반 실내 공간,TRUE,CORE,동일 성별·연령구간 자체 상대수준
ADULT,50,54,MUSCULAR_ENDURANCE,근지구력,CROSS_SIT_UP,교차윗몸일으키기,회,HIGHER_BETTER,EXACT,없음,일반 실내 공간,TRUE,CORE,동일 성별·연령구간 자체 상대수준
ADULT,55,59,MUSCULAR_ENDURANCE,근지구력,CROSS_SIT_UP,교차윗몸일으키기,회,HIGHER_BETTER,EXACT,없음,일반 실내 공간,TRUE,CORE,동일 성별·연령구간 자체 상대수준
ADULT,60,64,MUSCULAR_ENDURANCE,근지구력,CROSS_SIT_UP,교차윗몸일으키기,회,HIGHER_BETTER,EXACT,없음,일반 실내 공간,TRUE,CORE,동일 성별·연령구간 자체 상대수준
ADULT,19,24,FLEXIBILITY,유연성,SIT_AND_REACH,앉아윗몸앞으로굽히기,cm,HIGHER_BETTER,EXACT,없음,일반 실내 공간,TRUE,CORE,동일 성별·연령구간 자체 상대수준
ADULT,25,29,FLEXIBILITY,유연성,SIT_AND_REACH,앉아윗몸앞으로굽히기,cm,HIGHER_BETTER,EXACT,없음,일반 실내 공간,TRUE,CORE,동일 성별·연령구간 자체 상대수준
ADULT,30,34,FLEXIBILITY,유연성,SIT_AND_REACH,앉아윗몸앞으로굽히기,cm,HIGHER_BETTER,EXACT,없음,일반 실내 공간,TRUE,CORE,동일 성별·연령구간 자체 상대수준
ADULT,35,39,FLEXIBILITY,유연성,SIT_AND_REACH,앉아윗몸앞으로굽히기,cm,HIGHER_BETTER,EXACT,없음,일반 실내 공간,TRUE,CORE,동일 성별·연령구간 자체 상대수준
ADULT,40,44,FLEXIBILITY,유연성,SIT_AND_REACH,앉아윗몸앞으로굽히기,cm,HIGHER_BETTER,EXACT,없음,일반 실내 공간,TRUE,CORE,동일 성별·연령구간 자체 상대수준
ADULT,45,49,FLEXIBILITY,유연성,SIT_AND_REACH,앉아윗몸앞으로굽히기,cm,HIGHER_BETTER,EXACT,없음,일반 실내 공간,TRUE,CORE,동일 성별·연령구간 자체 상대수준
ADULT,50,54,FLEXIBILITY,유연성,SIT_AND_REACH,앉아윗몸앞으로굽히기,cm,HIGHER_BETTER,EXACT,없음,일반 실내 공간,TRUE,CORE,동일 성별·연령구간 자체 상대수준
ADULT,55,59,FLEXIBILITY,유연성,SIT_AND_REACH,앉아윗몸앞으로굽히기,cm,HIGHER_BETTER,EXACT,없음,일반 실내 공간,TRUE,CORE,동일 성별·연령구간 자체 상대수준
ADULT,60,64,FLEXIBILITY,유연성,SIT_AND_REACH,앉아윗몸앞으로굽히기,cm,HIGHER_BETTER,EXACT,없음,일반 실내 공간,TRUE,CORE,동일 성별·연령구간 자체 상대수준
ADULT,19,24,POWER,순발력,STANDING_LONG_JUMP,제자리멀리뛰기,cm,HIGHER_BETTER,EXACT,줄자,안전한 착지 공간,TRUE,CORE,동일 성별·연령구간 자체 상대수준
ADULT,25,29,POWER,순발력,STANDING_LONG_JUMP,제자리멀리뛰기,cm,HIGHER_BETTER,EXACT,줄자,안전한 착지 공간,TRUE,CORE,동일 성별·연령구간 자체 상대수준
ADULT,30,34,POWER,순발력,STANDING_LONG_JUMP,제자리멀리뛰기,cm,HIGHER_BETTER,EXACT,줄자,안전한 착지 공간,TRUE,CORE,동일 성별·연령구간 자체 상대수준
ADULT,35,39,POWER,순발력,STANDING_LONG_JUMP,제자리멀리뛰기,cm,HIGHER_BETTER,EXACT,줄자,안전한 착지 공간,TRUE,CORE,동일 성별·연령구간 자체 상대수준
ADULT,40,44,POWER,순발력,STANDING_LONG_JUMP,제자리멀리뛰기,cm,HIGHER_BETTER,EXACT,줄자,안전한 착지 공간,TRUE,CORE,동일 성별·연령구간 자체 상대수준
ADULT,45,49,POWER,순발력,STANDING_LONG_JUMP,제자리멀리뛰기,cm,HIGHER_BETTER,EXACT,줄자,안전한 착지 공간,TRUE,CORE,동일 성별·연령구간 자체 상대수준
ADULT,50,54,POWER,순발력,STANDING_LONG_JUMP,제자리멀리뛰기,cm,HIGHER_BETTER,EXACT,줄자,안전한 착지 공간,TRUE,CORE,동일 성별·연령구간 자체 상대수준
ADULT,55,59,POWER,순발력,STANDING_LONG_JUMP,제자리멀리뛰기,cm,HIGHER_BETTER,EXACT,줄자,안전한 착지 공간,TRUE,CORE,동일 성별·연령구간 자체 상대수준
ADULT,60,64,POWER,순발력,STANDING_LONG_JUMP,제자리멀리뛰기,cm,HIGHER_BETTER,EXACT,줄자,안전한 착지 공간,TRUE,CORE,동일 성별·연령구간 자체 상대수준
ADULT,19,24,STRENGTH,근력,RELATIVE_GRIP,상대악력,%,HIGHER_BETTER,CONDITIONAL,악력계,서서 측정 공간,TRUE,OPTIONAL,동일 성별·연령구간 자체 상대수준
ADULT,25,29,STRENGTH,근력,RELATIVE_GRIP,상대악력,%,HIGHER_BETTER,CONDITIONAL,악력계,서서 측정 공간,TRUE,OPTIONAL,동일 성별·연령구간 자체 상대수준
ADULT,30,34,STRENGTH,근력,RELATIVE_GRIP,상대악력,%,HIGHER_BETTER,CONDITIONAL,악력계,서서 측정 공간,TRUE,OPTIONAL,동일 성별·연령구간 자체 상대수준
ADULT,35,39,STRENGTH,근력,RELATIVE_GRIP,상대악력,%,HIGHER_BETTER,CONDITIONAL,악력계,서서 측정 공간,TRUE,OPTIONAL,동일 성별·연령구간 자체 상대수준
ADULT,40,44,STRENGTH,근력,RELATIVE_GRIP,상대악력,%,HIGHER_BETTER,CONDITIONAL,악력계,서서 측정 공간,TRUE,OPTIONAL,동일 성별·연령구간 자체 상대수준
ADULT,45,49,STRENGTH,근력,RELATIVE_GRIP,상대악력,%,HIGHER_BETTER,CONDITIONAL,악력계,서서 측정 공간,TRUE,OPTIONAL,동일 성별·연령구간 자체 상대수준
ADULT,50,54,STRENGTH,근력,RELATIVE_GRIP,상대악력,%,HIGHER_BETTER,CONDITIONAL,악력계,서서 측정 공간,TRUE,OPTIONAL,동일 성별·연령구간 자체 상대수준
ADULT,55,59,STRENGTH,근력,RELATIVE_GRIP,상대악력,%,HIGHER_BETTER,CONDITIONAL,악력계,서서 측정 공간,TRUE,OPTIONAL,동일 성별·연령구간 자체 상대수준
ADULT,60,64,STRENGTH,근력,RELATIVE_GRIP,상대악력,%,HIGHER_BETTER,CONDITIONAL,악력계,서서 측정 공간,TRUE,OPTIONAL,동일 성별·연령구간 자체 상대수준
ADULT,19,24,CARDIO,심폐지구력,SHUTTLE_RUN_20M,20m 왕복오래달리기,회,HIGHER_BETTER,CONDITIONAL,표식·음원,20m 직선 공간,TRUE,OPTIONAL,동일 성별·연령구간 자체 상대수준
ADULT,25,29,CARDIO,심폐지구력,SHUTTLE_RUN_20M,20m 왕복오래달리기,회,HIGHER_BETTER,CONDITIONAL,표식·음원,20m 직선 공간,TRUE,OPTIONAL,동일 성별·연령구간 자체 상대수준
ADULT,30,34,CARDIO,심폐지구력,SHUTTLE_RUN_20M,20m 왕복오래달리기,회,HIGHER_BETTER,CONDITIONAL,표식·음원,20m 직선 공간,TRUE,OPTIONAL,동일 성별·연령구간 자체 상대수준
ADULT,35,39,CARDIO,심폐지구력,SHUTTLE_RUN_20M,20m 왕복오래달리기,회,HIGHER_BETTER,CONDITIONAL,표식·음원,20m 직선 공간,TRUE,OPTIONAL,동일 성별·연령구간 자체 상대수준
ADULT,40,44,CARDIO,심폐지구력,SHUTTLE_RUN_20M,20m 왕복오래달리기,회,HIGHER_BETTER,CONDITIONAL,표식·음원,20m 직선 공간,TRUE,OPTIONAL,동일 성별·연령구간 자체 상대수준
ADULT,45,49,CARDIO,심폐지구력,SHUTTLE_RUN_20M,20m 왕복오래달리기,회,HIGHER_BETTER,CONDITIONAL,표식·음원,20m 직선 공간,TRUE,OPTIONAL,동일 성별·연령구간 자체 상대수준
ADULT,50,54,CARDIO,심폐지구력,SHUTTLE_RUN_20M,20m 왕복오래달리기,회,HIGHER_BETTER,CONDITIONAL,표식·음원,20m 직선 공간,TRUE,OPTIONAL,동일 성별·연령구간 자체 상대수준
ADULT,55,59,CARDIO,심폐지구력,SHUTTLE_RUN_20M,20m 왕복오래달리기,회,HIGHER_BETTER,CONDITIONAL,표식·음원,20m 직선 공간,TRUE,OPTIONAL,동일 성별·연령구간 자체 상대수준
ADULT,60,64,CARDIO,심폐지구력,SHUTTLE_RUN_20M,20m 왕복오래달리기,회,HIGHER_BETTER,CONDITIONAL,표식·음원,20m 직선 공간,TRUE,OPTIONAL,동일 성별·연령구간 자체 상대수준
ADULT,19,24,AGILITY,민첩성,SHUTTLE_RUN_10M,10m 4회 왕복달리기,초,LOWER_BETTER,CONDITIONAL,표식·초시계,10m 직선 공간,TRUE,OPTIONAL,동일 성별·연령구간 자체 상대수준
ADULT,25,29,AGILITY,민첩성,SHUTTLE_RUN_10M,10m 4회 왕복달리기,초,LOWER_BETTER,CONDITIONAL,표식·초시계,10m 직선 공간,TRUE,OPTIONAL,동일 성별·연령구간 자체 상대수준
ADULT,30,34,AGILITY,민첩성,SHUTTLE_RUN_10M,10m 4회 왕복달리기,초,LOWER_BETTER,CONDITIONAL,표식·초시계,10m 직선 공간,TRUE,OPTIONAL,동일 성별·연령구간 자체 상대수준
ADULT,35,39,AGILITY,민첩성,SHUTTLE_RUN_10M,10m 4회 왕복달리기,초,LOWER_BETTER,CONDITIONAL,표식·초시계,10m 직선 공간,TRUE,OPTIONAL,동일 성별·연령구간 자체 상대수준
ADULT,40,44,AGILITY,민첩성,SHUTTLE_RUN_10M,10m 4회 왕복달리기,초,LOWER_BETTER,CONDITIONAL,표식·초시계,10m 직선 공간,TRUE,OPTIONAL,동일 성별·연령구간 자체 상대수준
ADULT,45,49,AGILITY,민첩성,SHUTTLE_RUN_10M,10m 4회 왕복달리기,초,LOWER_BETTER,CONDITIONAL,표식·초시계,10m 직선 공간,TRUE,OPTIONAL,동일 성별·연령구간 자체 상대수준
ADULT,50,54,AGILITY,민첩성,SHUTTLE_RUN_10M,10m 4회 왕복달리기,초,LOWER_BETTER,CONDITIONAL,표식·초시계,10m 직선 공간,TRUE,OPTIONAL,동일 성별·연령구간 자체 상대수준
ADULT,55,59,AGILITY,민첩성,SHUTTLE_RUN_10M,10m 4회 왕복달리기,초,LOWER_BETTER,CONDITIONAL,표식·초시계,10m 직선 공간,TRUE,OPTIONAL,동일 성별·연령구간 자체 상대수준
ADULT,60,64,AGILITY,민첩성,SHUTTLE_RUN_10M,10m 4회 왕복달리기,초,LOWER_BETTER,CONDITIONAL,표식·초시계,10m 직선 공간,TRUE,OPTIONAL,동일 성별·연령구간 자체 상대수준
SENIOR,65,69,LOWER_BODY_FUNCTION,하지근기능,CHAIR_STAND_30S,의자에앉았다일어서기,회,HIGHER_BETTER,EXACT,없음,일반 실내 공간,TRUE,CORE,동일 성별·연령구간 자체 상대수준
SENIOR,70,74,LOWER_BODY_FUNCTION,하지근기능,CHAIR_STAND_30S,의자에앉았다일어서기,회,HIGHER_BETTER,EXACT,없음,일반 실내 공간,TRUE,CORE,동일 성별·연령구간 자체 상대수준
SENIOR,75,79,LOWER_BODY_FUNCTION,하지근기능,CHAIR_STAND_30S,의자에앉았다일어서기,회,HIGHER_BETTER,EXACT,없음,일반 실내 공간,TRUE,CORE,동일 성별·연령구간 자체 상대수준
SENIOR,80,84,LOWER_BODY_FUNCTION,하지근기능,CHAIR_STAND_30S,의자에앉았다일어서기,회,HIGHER_BETTER,EXACT,없음,일반 실내 공간,TRUE,CORE,동일 성별·연령구간 자체 상대수준
SENIOR,85,200,LOWER_BODY_FUNCTION,하지근기능,CHAIR_STAND_30S,의자에앉았다일어서기,회,HIGHER_BETTER,EXACT,없음,일반 실내 공간,TRUE,CORE,동일 성별·연령구간 자체 상대수준
SENIOR,65,69,FLEXIBILITY,유연성,SIT_AND_REACH,앉아윗몸앞으로굽히기,cm,HIGHER_BETTER,EXACT,없음,일반 실내 공간,TRUE,CORE,동일 성별·연령구간 자체 상대수준
SENIOR,70,74,FLEXIBILITY,유연성,SIT_AND_REACH,앉아윗몸앞으로굽히기,cm,HIGHER_BETTER,EXACT,없음,일반 실내 공간,TRUE,CORE,동일 성별·연령구간 자체 상대수준
SENIOR,75,79,FLEXIBILITY,유연성,SIT_AND_REACH,앉아윗몸앞으로굽히기,cm,HIGHER_BETTER,EXACT,없음,일반 실내 공간,TRUE,CORE,동일 성별·연령구간 자체 상대수준
SENIOR,80,84,FLEXIBILITY,유연성,SIT_AND_REACH,앉아윗몸앞으로굽히기,cm,HIGHER_BETTER,EXACT,없음,일반 실내 공간,TRUE,CORE,동일 성별·연령구간 자체 상대수준
SENIOR,85,200,FLEXIBILITY,유연성,SIT_AND_REACH,앉아윗몸앞으로굽히기,cm,HIGHER_BETTER,EXACT,없음,일반 실내 공간,TRUE,CORE,동일 성별·연령구간 자체 상대수준
SENIOR,65,69,CARDIO,심폐지구력,STEP_IN_PLACE_2MIN,2분제자리걷기,회,HIGHER_BETTER,EXACT,없음,일반 실내 공간,TRUE,CORE,동일 성별·연령구간 자체 상대수준
SENIOR,70,74,CARDIO,심폐지구력,STEP_IN_PLACE_2MIN,2분제자리걷기,회,HIGHER_BETTER,EXACT,없음,일반 실내 공간,TRUE,CORE,동일 성별·연령구간 자체 상대수준
SENIOR,75,79,CARDIO,심폐지구력,STEP_IN_PLACE_2MIN,2분제자리걷기,회,HIGHER_BETTER,EXACT,없음,일반 실내 공간,TRUE,CORE,동일 성별·연령구간 자체 상대수준
SENIOR,80,84,CARDIO,심폐지구력,STEP_IN_PLACE_2MIN,2분제자리걷기,회,HIGHER_BETTER,EXACT,없음,일반 실내 공간,TRUE,CORE,동일 성별·연령구간 자체 상대수준
SENIOR,85,200,CARDIO,심폐지구력,STEP_IN_PLACE_2MIN,2분제자리걷기,회,HIGHER_BETTER,EXACT,없음,일반 실내 공간,TRUE,CORE,동일 성별·연령구간 자체 상대수준
SENIOR,65,69,DYNAMIC_BALANCE,민첩·동적평형성,CHAIR_3M_TURN,의자에앉아 3m 표적돌아오기,초,LOWER_BETTER,EXACT,없음,일반 실내 공간,TRUE,CORE,동일 성별·연령구간 자체 상대수준
SENIOR,70,74,DYNAMIC_BALANCE,민첩·동적평형성,CHAIR_3M_TURN,의자에앉아 3m 표적돌아오기,초,LOWER_BETTER,EXACT,없음,일반 실내 공간,TRUE,CORE,동일 성별·연령구간 자체 상대수준
SENIOR,75,79,DYNAMIC_BALANCE,민첩·동적평형성,CHAIR_3M_TURN,의자에앉아 3m 표적돌아오기,초,LOWER_BETTER,EXACT,없음,일반 실내 공간,TRUE,CORE,동일 성별·연령구간 자체 상대수준
SENIOR,80,84,DYNAMIC_BALANCE,민첩·동적평형성,CHAIR_3M_TURN,의자에앉아 3m 표적돌아오기,초,LOWER_BETTER,EXACT,없음,일반 실내 공간,TRUE,CORE,동일 성별·연령구간 자체 상대수준
SENIOR,85,200,DYNAMIC_BALANCE,민첩·동적평형성,CHAIR_3M_TURN,의자에앉아 3m 표적돌아오기,초,LOWER_BETTER,EXACT,없음,일반 실내 공간,TRUE,CORE,동일 성별·연령구간 자체 상대수준
SENIOR,65,69,UPPER_BODY_FUNCTION,상지근기능,RELATIVE_GRIP,상대악력,%,HIGHER_BETTER,CONDITIONAL,악력계,서서 측정 공간,TRUE,OPTIONAL,동일 성별·연령구간 자체 상대수준
SENIOR,70,74,UPPER_BODY_FUNCTION,상지근기능,RELATIVE_GRIP,상대악력,%,HIGHER_BETTER,CONDITIONAL,악력계,서서 측정 공간,TRUE,OPTIONAL,동일 성별·연령구간 자체 상대수준
SENIOR,75,79,UPPER_BODY_FUNCTION,상지근기능,RELATIVE_GRIP,상대악력,%,HIGHER_BETTER,CONDITIONAL,악력계,서서 측정 공간,TRUE,OPTIONAL,동일 성별·연령구간 자체 상대수준
SENIOR,80,84,UPPER_BODY_FUNCTION,상지근기능,RELATIVE_GRIP,상대악력,%,HIGHER_BETTER,CONDITIONAL,악력계,서서 측정 공간,TRUE,OPTIONAL,동일 성별·연령구간 자체 상대수준
SENIOR,85,200,UPPER_BODY_FUNCTION,상지근기능,RELATIVE_GRIP,상대악력,%,HIGHER_BETTER,CONDITIONAL,악력계,서서 측정 공간,TRUE,OPTIONAL,동일 성별·연령구간 자체 상대수준
SENIOR,65,69,UPPER_BODY_FUNCTION,상지근기능,ABSOLUTE_GRIP,절대악력,kg,HIGHER_BETTER,CONDITIONAL,악력계,서서 측정 공간,TRUE,OPTIONAL,동일 성별·연령구간 자체 상대수준
SENIOR,70,74,UPPER_BODY_FUNCTION,상지근기능,ABSOLUTE_GRIP,절대악력,kg,HIGHER_BETTER,CONDITIONAL,악력계,서서 측정 공간,TRUE,OPTIONAL,동일 성별·연령구간 자체 상대수준
SENIOR,75,79,UPPER_BODY_FUNCTION,상지근기능,ABSOLUTE_GRIP,절대악력,kg,HIGHER_BETTER,CONDITIONAL,악력계,서서 측정 공간,TRUE,OPTIONAL,동일 성별·연령구간 자체 상대수준
SENIOR,80,84,UPPER_BODY_FUNCTION,상지근기능,ABSOLUTE_GRIP,절대악력,kg,HIGHER_BETTER,CONDITIONAL,악력계,서서 측정 공간,TRUE,OPTIONAL,동일 성별·연령구간 자체 상대수준
SENIOR,85,200,UPPER_BODY_FUNCTION,상지근기능,ABSOLUTE_GRIP,절대악력,kg,HIGHER_BETTER,CONDITIONAL,악력계,서서 측정 공간,TRUE,OPTIONAL,동일 성별·연령구간 자체 상대수준
TEEN,13,13,AGILITY,민첩성,ILLINOIS,일리노이 검사,초,LOWER_BETTER,NONE,센터 장비,센터,FALSE,EXCLUDED,동일 홈 프로토콜 재현 곤란
TEEN,14,14,AGILITY,민첩성,ILLINOIS,일리노이 검사,초,LOWER_BETTER,NONE,센터 장비,센터,FALSE,EXCLUDED,동일 홈 프로토콜 재현 곤란
TEEN,15,15,AGILITY,민첩성,ILLINOIS,일리노이 검사,초,LOWER_BETTER,NONE,센터 장비,센터,FALSE,EXCLUDED,동일 홈 프로토콜 재현 곤란
TEEN,16,16,AGILITY,민첩성,ILLINOIS,일리노이 검사,초,LOWER_BETTER,NONE,센터 장비,센터,FALSE,EXCLUDED,동일 홈 프로토콜 재현 곤란
TEEN,17,17,AGILITY,민첩성,ILLINOIS,일리노이 검사,초,LOWER_BETTER,NONE,센터 장비,센터,FALSE,EXCLUDED,동일 홈 프로토콜 재현 곤란
TEEN,18,18,AGILITY,민첩성,ILLINOIS,일리노이 검사,초,LOWER_BETTER,NONE,센터 장비,센터,FALSE,EXCLUDED,동일 홈 프로토콜 재현 곤란
TEEN,13,13,POWER,순발력,FLIGHT_TIME,체공시간,초,HIGHER_BETTER,NONE,센터 장비,센터,FALSE,EXCLUDED,제자리멀리뛰기로 대체 금지; 홈 측정 제외
TEEN,14,14,POWER,순발력,FLIGHT_TIME,체공시간,초,HIGHER_BETTER,NONE,센터 장비,센터,FALSE,EXCLUDED,제자리멀리뛰기로 대체 금지; 홈 측정 제외
TEEN,15,15,POWER,순발력,FLIGHT_TIME,체공시간,초,HIGHER_BETTER,NONE,센터 장비,센터,FALSE,EXCLUDED,제자리멀리뛰기로 대체 금지; 홈 측정 제외
TEEN,16,16,POWER,순발력,FLIGHT_TIME,체공시간,초,HIGHER_BETTER,NONE,센터 장비,센터,FALSE,EXCLUDED,제자리멀리뛰기로 대체 금지; 홈 측정 제외
TEEN,17,17,POWER,순발력,FLIGHT_TIME,체공시간,초,HIGHER_BETTER,NONE,센터 장비,센터,FALSE,EXCLUDED,제자리멀리뛰기로 대체 금지; 홈 측정 제외
TEEN,18,18,POWER,순발력,FLIGHT_TIME,체공시간,초,HIGHER_BETTER,NONE,센터 장비,센터,FALSE,EXCLUDED,제자리멀리뛰기로 대체 금지; 홈 측정 제외
SENIOR,65,69,COORDINATION,협응력,FIGURE8_WALK,8자보행,초,LOWER_BETTER,NONE,센터 장비,센터,FALSE,EXCLUDED,공간·규격 재현 곤란
SENIOR,70,74,COORDINATION,협응력,FIGURE8_WALK,8자보행,초,LOWER_BETTER,NONE,센터 장비,센터,FALSE,EXCLUDED,공간·규격 재현 곤란
SENIOR,75,79,COORDINATION,협응력,FIGURE8_WALK,8자보행,초,LOWER_BETTER,NONE,센터 장비,센터,FALSE,EXCLUDED,공간·규격 재현 곤란
SENIOR,80,84,COORDINATION,협응력,FIGURE8_WALK,8자보행,초,LOWER_BETTER,NONE,센터 장비,센터,FALSE,EXCLUDED,공간·규격 재현 곤란
SENIOR,85,200,COORDINATION,협응력,FIGURE8_WALK,8자보행,초,LOWER_BETTER,NONE,센터 장비,센터,FALSE,EXCLUDED,공간·규격 재현 곤란
SENIOR,65,69,CARDIO,심폐지구력,WALK_6MIN,6분걷기,m,HIGHER_BETTER,NONE,센터 장비,센터,FALSE,EXCLUDED,긴 공간 필요
SENIOR,70,74,CARDIO,심폐지구력,WALK_6MIN,6분걷기,m,HIGHER_BETTER,NONE,센터 장비,센터,FALSE,EXCLUDED,긴 공간 필요
SENIOR,75,79,CARDIO,심폐지구력,WALK_6MIN,6분걷기,m,HIGHER_BETTER,NONE,센터 장비,센터,FALSE,EXCLUDED,긴 공간 필요
SENIOR,80,84,CARDIO,심폐지구력,WALK_6MIN,6분걷기,m,HIGHER_BETTER,NONE,센터 장비,센터,FALSE,EXCLUDED,긴 공간 필요
SENIOR,85,200,CARDIO,심폐지구력,WALK_6MIN,6분걷기,m,HIGHER_BETTER,NONE,센터 장비,센터,FALSE,EXCLUDED,긴 공간 필요
