life_stage,sex,age_band,factor_code,factor_name,item_code,item_name,unit,direction,sample_n,min_value,max_value,mean_value,median_value,p20_value,p40_value,p60_value,p80_value,norm_version,source_period
TEEN,F,13,MUSCULAR_ENDURANCE,근지구력,CURL_UP,윗몸말아올리기,회,HIGHER_BETTER,23778,0.0,187.0,30.58369585330978,26.0,15.0,22.0,30.0,44.0,2014_2026_POOLED,2014-07~2026-08
TEEN,F,13,STRENGTH,근력,RELATIVE_GRIP,상대악력,%,HIGHER_BETTER,71198,0.0,132.3,44.56246074327931,44.3,36.8,42.0,46.6,52.1,2014_2026_POOLED,2014-07~2026-08
TEEN,F,13,CARDIO,심폐지구력,SHUTTLE_RUN_20M,20m 왕복오래달리기,회,HIGHER_BETTER,66784,0.0,211.0,25.084681061332056,22.0,15.0,20.0,25.0,34.0,2014_2026_POOLED,2014-07~2026-08
TEEN,F,13,FLEXIBILITY,유연성,SIT_AND_REACH,앉아윗몸앞으로굽히기,cm,HIGHER_BETTER,71101,-30.0,45.0,11.793711199561187,12.4,4.5,10.0,14.6,19.8,2014_2026_POOLED,2014-07~2026-08
TEEN,F,14,MUSCULAR_ENDURANCE,근지구력,CURL_UP,윗몸말아올리기,회,HIGHER_BETTER,20308,0.0,140.0,28.66507780185149,25.0,13.0,21.0,29.0,41.0,2014_2026_POOLED,2014-06~2026-08
TEEN,F,14,STRENGTH,근력,RELATIVE_GRIP,상대악력,%,HIGHER_BETTER,57440,0.0,117.3,44.853293349582174,44.5,37.2,42.3,46.9,52.3,2014_2026_POOLED,2014-06~2026-08
TEEN,F,14,CARDIO,심폐지구력,SHUTTLE_RUN_20M,20m 왕복오래달리기,회,HIGHER_BETTER,53528,0.0,138.0,24.810224555372887,22.0,15.0,20.0,25.0,34.0,2014_2026_POOLED,2014-06~2026-08
TEEN,F,14,FLEXIBILITY,유연성,SIT_AND_REACH,앉아윗몸앞으로굽히기,cm,HIGHER_BETTER,57326,-30.0,60.2,12.63256787496075,13.5,5.0,11.0,15.9,21.0,2014_2026_POOLED,2014-06~2026-08
TEEN,F,15,MUSCULAR_ENDURANCE,근지구력,CURL_UP,윗몸말아올리기,회,HIGHER_BETTER,27402,0.0,160.0,27.10305817093643,24.0,12.0,20.0,28.0,40.0,2014_2026_POOLED,2014-07~2026-08
TEEN,F,15,STRENGTH,근력,RELATIVE_GRIP,상대악력,%,HIGHER_BETTER,75867,0.0,145.8,45.06393398974521,44.8,37.3,42.5,47.1,52.6,2014_2026_POOLED,2014-06~2026-08
TEEN,F,15,CARDIO,심폐지구력,SHUTTLE_RUN_20M,20m 왕복오래달리기,회,HIGHER_BETTER,69676,0.0,119.0,24.789429215224754,22.0,15.0,20.0,25.0,34.0,2014_2026_POOLED,2014-06~2026-08
TEEN,F,15,FLEXIBILITY,유연성,SIT_AND_REACH,앉아윗몸앞으로굽히기,cm,HIGHER_BETTER,75593,-30.0,49.4,13.336716759488313,14.2,5.4,11.8,16.8,22.0,2014_2026_POOLED,2014-06~2026-08
TEEN,F,16,MUSCULAR_ENDURANCE,근지구력,CURL_UP,윗몸말아올리기,회,HIGHER_BETTER,30812,0.0,162.0,26.25317376346878,24.0,12.0,20.0,27.0,39.0,2014_2026_POOLED,2014-07~2026-08
TEEN,F,16,STRENGTH,근력,RELATIVE_GRIP,상대악력,%,HIGHER_BETTER,84574,0.0,149.0,45.09931728427176,44.9,37.4,42.6,47.2,52.7,2014_2026_POOLED,2014-06~2026-08
TEEN,F,16,CARDIO,심폐지구력,SHUTTLE_RUN_20M,20m 왕복오래달리기,회,HIGHER_BETTER,77062,0.0,112.0,24.434737354338065,22.0,15.0,20.0,25.0,33.0,2014_2026_POOLED,2014-06~2026-08
TEEN,F,16,FLEXIBILITY,유연성,SIT_AND_REACH,앉아윗몸앞으로굽히기,cm,HIGHER_BETTER,84161,-30.0,56.0,13.665893965138245,14.7,5.7,12.0,17.0,22.0,2014_2026_POOLED,2014-06~2026-08
TEEN,F,17,MUSCULAR_ENDURANCE,근지구력,CURL_UP,윗몸말아올리기,회,HIGHER_BETTER,29961,0.0,160.0,25.302098728346852,23.0,11.0,20.0,26.0,37.0,2014_2026_POOLED,2014-07~2026-08
TEEN,F,17,STRENGTH,근력,RELATIVE_GRIP,상대악력,%,HIGHER_BETTER,82467,0.0,137.5,45.235723622782444,45.0,37.5,42.8,47.3,52.8,2014_2026_POOLED,2014-06~2026-08
TEEN,F,17,CARDIO,심폐지구력,SHUTTLE_RUN_20M,20m 왕복오래달리기,회,HIGHER_BETTER,73495,0.0,189.0,23.452833253962854,21.0,14.0,19.0,24.0,32.0,2014_2026_POOLED,2014-06~2026-08
TEEN,F,17,FLEXIBILITY,유연성,SIT_AND_REACH,앉아윗몸앞으로굽히기,cm,HIGHER_BETTER,82084,-30.0,68.0,13.610387822230885,14.6,5.5,12.0,17.1,22.2,2014_2026_POOLED,2014-06~2026-08
TEEN,F,18,MUSCULAR_ENDURANCE,근지구력,CURL_UP,윗몸말아올리기,회,HIGHER_BETTER,16232,0.0,120.0,24.931148348940365,22.0,10.0,20.0,26.0,37.0,2014_2026_POOLED,2014-07~2026-08
TEEN,F,18,STRENGTH,근력,RELATIVE_GRIP,상대악력,%,HIGHER_BETTER,45849,0.0,133.8,45.67553992453489,45.5,38.1,43.3,47.8,53.1,2014_2026_POOLED,2014-07~2026-08
TEEN,F,18,CARDIO,심폐지구력,SHUTTLE_RUN_20M,20m 왕복오래달리기,회,HIGHER_BETTER,36385,0.0,120.0,23.193686409234576,21.0,13.0,19.0,24.0,32.0,2014_2026_POOLED,2014-07~2026-08
TEEN,F,18,FLEXIBILITY,유연성,SIT_AND_REACH,앉아윗몸앞으로굽히기,cm,HIGHER_BETTER,45625,-30.0,46.0,14.115945205479452,15.3,6.3,13.0,17.8,22.3,2014_2026_POOLED,2014-07~2026-08
TEEN,M,13,MUSCULAR_ENDURANCE,근지구력,CURL_UP,윗몸말아올리기,회,HIGHER_BETTER,29895,0.0,160.0,45.753905335340356,40.0,24.0,34.0,48.0,75.0,2014_2026_POOLED,2014-06~2026-08
TEEN,M,13,STRENGTH,근력,RELATIVE_GRIP,상대악력,%,HIGHER_BETTER,89742,0.0,149.0,50.90928127298255,50.5,40.3,47.3,53.6,61.1,2014_2026_POOLED,2014-06~2026-08
TEEN,M,13,CARDIO,심폐지구력,SHUTTLE_RUN_20M,20m 왕복오래달리기,회,HIGHER_BETTER,84449,0.0,214.0,39.98776646259873,37.0,22.0,32.0,43.0,58.0,2014_2026_POOLED,2014-06~2026-08
TEEN,M,13,FLEXIBILITY,유연성,SIT_AND_REACH,앉아윗몸앞으로굽히기,cm,HIGHER_BETTER,89581,-40.0,70.0,5.311910695348344,5.7,-1.0,3.8,7.7,12.3,2014_2026_POOLED,2014-06~2026-08
TEEN,M,14,MUSCULAR_ENDURANCE,근지구력,CURL_UP,윗몸말아올리기,회,HIGHER_BETTER,26090,0.0,150.0,45.30123035645842,40.0,24.0,34.0,48.0,72.0,2014_2026_POOLED,2014-06~2026-08
TEEN,M,14,STRENGTH,근력,RELATIVE_GRIP,상대악력,%,HIGHER_BETTER,74808,0.0,147.8,55.07980336327666,55.0,44.4,51.7,58.2,65.5,2014_2026_POOLED,2014-06~2026-08
TEEN,M,14,CARDIO,심폐지구력,SHUTTLE_RUN_20M,20m 왕복오래달리기,회,HIGHER_BETTER,70288,0.0,225.0,45.12973508991577,43.0,26.0,38.0,50.0,65.0,2014_2026_POOLED,2014-06~2026-08
TEEN,M,14,FLEXIBILITY,유연성,SIT_AND_REACH,앉아윗몸앞으로굽히기,cm,HIGHER_BETTER,74640,-31.0,73.0,6.483091077170418,7.0,0.0,4.7,9.0,14.0,2014_2026_POOLED,2014-06~2026-08
TEEN,M,15,MUSCULAR_ENDURANCE,근지구력,CURL_UP,윗몸말아올리기,회,HIGHER_BETTER,35005,0.0,160.0,43.700285673475214,38.0,23.0,33.0,44.0,66.0,2014_2026_POOLED,2014-06~2026-08
TEEN,M,15,STRENGTH,근력,RELATIVE_GRIP,상대악력,%,HIGHER_BETTER,96868,0.0,143.4,57.18846987653301,57.2,46.6,54.0,60.4,67.6,2014_2026_POOLED,2014-06~2026-08
TEEN,M,15,CARDIO,심폐지구력,SHUTTLE_RUN_20M,20m 왕복오래달리기,회,HIGHER_BETTER,89671,0.0,225.0,46.343816730046505,45.0,28.0,40.0,51.0,65.0,2014_2026_POOLED,2014-06~2026-08
TEEN,M,15,FLEXIBILITY,유연성,SIT_AND_REACH,앉아윗몸앞으로굽히기,cm,HIGHER_BETTER,96549,-30.0,58.5,7.420185439517758,8.0,0.0,5.5,10.3,15.5,2014_2026_POOLED,2014-06~2026-08
TEEN,M,16,MUSCULAR_ENDURANCE,근지구력,CURL_UP,윗몸말아올리기,회,HIGHER_BETTER,41456,0.0,200.0,42.98394924739483,37.0,23.0,32.0,43.0,63.0,2014_2026_POOLED,2014-07~2026-08
TEEN,M,16,STRENGTH,근력,RELATIVE_GRIP,상대악력,%,HIGHER_BETTER,107992,0.0,143.1,58.27700348173939,58.2,47.7,55.1,61.4,68.6,2014_2026_POOLED,2014-06~2026-08
TEEN,M,16,CARDIO,심폐지구력,SHUTTLE_RUN_20M,20m 왕복오래달리기,회,HIGHER_BETTER,99674,0.0,199.0,45.87123640066617,45.0,27.0,40.0,51.0,64.0,2014_2026_POOLED,2014-06~2026-08
TEEN,M,16,FLEXIBILITY,유연성,SIT_AND_REACH,앉아윗몸앞으로굽히기,cm,HIGHER_BETTER,107502,-30.0,71.0,8.01241676433927,8.6,0.3,6.0,11.0,16.3,2014_2026_POOLED,2014-06~2026-08
TEEN,M,17,MUSCULAR_ENDURANCE,근지구력,CURL_UP,윗몸말아올리기,회,HIGHER_BETTER,44585,0.0,160.0,40.58906582931479,35.0,22.0,30.0,40.0,60.0,2014_2026_POOLED,2014-07~2026-08
TEEN,M,17,STRENGTH,근력,RELATIVE_GRIP,상대악력,%,HIGHER_BETTER,112581,0.0,145.9,59.04539922367007,59.0,48.6,55.9,62.1,69.3,2014_2026_POOLED,2014-06~2026-08
TEEN,M,17,CARDIO,심폐지구력,SHUTTLE_RUN_20M,20m 왕복오래달리기,회,HIGHER_BETTER,101551,0.0,151.0,44.87720229244419,44.0,26.0,39.0,50.0,63.0,2014_2026_POOLED,2014-06~2026-08
TEEN,M,17,FLEXIBILITY,유연성,SIT_AND_REACH,앉아윗몸앞으로굽히기,cm,HIGHER_BETTER,112071,-41.0,65.0,8.494989649418672,9.1,0.8,6.6,11.7,17.0,2014_2026_POOLED,2014-06~2026-08
TEEN,M,18,MUSCULAR_ENDURANCE,근지구력,CURL_UP,윗몸말아올리기,회,HIGHER_BETTER,32738,0.0,160.0,39.010929195430386,35.0,21.0,30.0,40.0,55.0,2014_2026_POOLED,2014-07~2026-08
TEEN,M,18,STRENGTH,근력,RELATIVE_GRIP,상대악력,%,HIGHER_BETTER,85974,0.0,145.7,59.951576988391835,60.0,50.2,57.0,62.9,69.6,2014_2026_POOLED,2014-07~2026-08
TEEN,M,18,CARDIO,심폐지구력,SHUTTLE_RUN_20M,20m 왕복오래달리기,회,HIGHER_BETTER,65794,0.0,205.0,44.55980264157826,43.0,26.0,39.0,50.0,62.0,2014_2026_POOLED,2014-07~2026-08
TEEN,M,18,FLEXIBILITY,유연성,SIT_AND_REACH,앉아윗몸앞으로굽히기,cm,HIGHER_BETTER,85646,-30.0,73.0,9.678908063423862,10.6,2.1,8.2,13.0,17.6,2014_2026_POOLED,2014-07~2026-08
